,_id,author,location
0,1412193387575316482,836119507173154816,Australia
1,1412195752344883200,1399941819950006272,Australia
2,1412189452361891840,3022979040,"New South Wales, Australia"
3,1412189999055790082,558259110,"New South Wales, Australia"
4,1412190244280012802,1158755742,"New South Wales, Australia"
5,1412190850243694592,1158755742,"New South Wales, Australia"
6,1412190883173175302,558259110,"New South Wales, Australia"
7,1412191046931386375,89869087,"New South Wales, Australia"
8,1412191471680118784,226175896,"Central Coast, New South Wales"
9,1412192672547147778,835809553589526530,"Central Coast, New South Wales"
10,1412192775479595008,1211985166886817796,"Central Coast, New South Wales"
11,1412193056258805762,1289467509364547584,"Central Coast, New South Wales"
12,1412194149185458176,1266463628024090624,"New South Wales, Australia"
13,1412194435002036225,2748779875,"New South Wales, Australia"
14,1412194503797051396,513794929,"New South Wales, Australia"
15,1412195098851307524,513794929,"New South Wales, Australia"
16,1412195815775367168,513794929,"New South Wales, Australia"
17,1412196428869369856,1008365059381256196,"Central Coast, New South Wales"
18,1412197325254975488,513794929,"New South Wales, Australia"
19,1412198224887128064,1125022226,"Central Coast, New South Wales"
20,1412193559566946313,558259110,"New South Wales, Australia"
21,1412193467531337729,2748779875,"New South Wales, Australia"
22,1412196862325493764,1399941819950006272,"Nelson Bay - Corlette, New South Wales"
23,1412198806481866762,513794929,"New South Wales, Australia"
24,1412192437640916992,940868397528698880,"Eveleigh, Sydney"
25,1412197721105108994,940868397528698880,"Kirribilli, Sydney"
26,1412195208792449025,14450834,"Macquarie Park, Sydney"
27,1412193949943402498,1400239891590520835,"Picton, New South Wales"
28,1412194010312019986,1400239891590520835,"Picton, New South Wales"
29,1412198081760694273,1400239891590520835,"Picton, New South Wales"
30,1412185770241052672,167824089,"Sydney, New South Wales"
31,1412185638904889346,384233102,"Sydney, New South Wales"
32,1412184906029961219,384233102,"Sydney, New South Wales"
33,1412184968730529798,1951324189,"Sydney, New South Wales"
34,1412184990499049473,156677140,"Sydney, New South Wales"
35,1412185143083556866,384233102,"Sydney, New South Wales"
36,1412185211400425476,276736970,"Sydney, New South Wales"
37,1412185228487979012,7050962,"Sydney, New South Wales"
38,1412185306057510912,156677140,"Sydney, New South Wales"
39,1412185361799782400,286074748,"Sydney, New South Wales"
40,1412185463838830592,384233102,"Sydney, New South Wales"
41,1412185507832860679,1363631988,"Sydney, New South Wales"
42,1412185554955866122,156677140,"Sydney, New South Wales"
43,1412185754629906436,273192130,"Sydney, New South Wales"
44,1412185785072119809,450993384,"Sydney, New South Wales"
45,1412185889086705666,342046923,"Sydney, New South Wales"
46,1412185918614622209,820946482631098368,"Sydney, New South Wales"
47,1412185948041846785,1006232250,"Sydney, New South Wales"
48,1412185971181846528,799824933702373376,"Sydney, New South Wales"
49,1412186219086110722,521131630,"Sydney, New South Wales"
50,1412186318482771968,19775974,"Sydney, New South Wales"
51,1412186459537231878,384233102,"Sydney, New South Wales"
52,1412189315329716227,36822807,"Sydney, New South Wales"
53,1412189417272315904,384233102,"Sydney, New South Wales"
54,1412189432711503874,16005515,"Sydney, New South Wales"
55,1412189492958556162,758965228050616320,"Sydney, New South Wales"
56,1412189530292031490,521131630,"Sydney, New South Wales"
57,1412189660470669314,156677140,"Sydney, New South Wales"
58,1412189712102543360,158123632,"Sydney, New South Wales"
59,1412189794352844802,337351696,"Sydney, New South Wales"
60,1412190189812785158,70245478,"Sydney, New South Wales"
61,1412190198817910785,19489002,"Sydney, New South Wales"
62,1412190259475980291,384233102,"Sydney, New South Wales"
63,1412190322289872901,70245478,"Sydney, New South Wales"
64,1412190474509512706,384233102,"Sydney, New South Wales"
65,1412190499180453888,43684691,"Sydney, New South Wales"
66,1412190591388114947,43127417,"Sydney, New South Wales"
67,1412190600430899203,23052065,"Sydney, New South Wales"
68,1412190650292867072,384233102,"Sydney, New South Wales"
69,1412190753179111432,384233102,"Sydney, New South Wales"
70,1412191077524664321,156677140,"Sydney, New South Wales"
71,1412191181799260162,1006232250,"Sydney, New South Wales"
72,1412191184391311372,20522796,"Sydney, New South Wales"
73,1412191212967104525,854992775640567808,"Sydney, New South Wales"
74,1412191272303947777,384233102,"Sydney, New South Wales"
75,1412191272689836032,1006232250,"Sydney, New South Wales"
76,1412191302280744963,1018566008,"Sydney, New South Wales"
77,1412191318915223557,16005515,"Sydney, New South Wales"
78,1412191330642497536,156677140,"Sydney, New South Wales"
79,1412191348673810432,384233102,"Sydney, New South Wales"
80,1412191407834468352,1274630773006426114,"Sydney, New South Wales"
81,1412191519067410434,23052065,"Sydney, New South Wales"
82,1412191591725420549,384233102,"Sydney, New South Wales"
83,1412191639678853121,1089023364973219840,"Sydney, New South Wales"
84,1412191645508931586,1177496278885793792,"Sydney, New South Wales"
85,1412191702694039562,20522796,"Sydney, New South Wales"
86,1412191742808363010,337351696,"Sydney, New South Wales"
87,1412191758474113024,521178986,"Sydney, New South Wales"
88,1412191762605477903,23052065,"Sydney, New South Wales"
89,1412191813348196353,540600425,"Sydney, New South Wales"
90,1412191900967215106,20102892,"Sydney, New South Wales"
91,1412191930511880194,384233102,"Sydney, New South Wales"
92,1412191943086333953,1174271353660293120,"Sydney, New South Wales"
93,1412191944621494285,156677140,"Sydney, New South Wales"
94,1412191997700497409,521178986,"Sydney, New South Wales"
95,1412192105200455683,1254694244989591552,"Sydney, New South Wales"
96,1412192287333838849,521178986,"Sydney, New South Wales"
97,1412192304912207882,1089023364973219840,"Sydney, New South Wales"
98,1412192333559304193,3006983611,"Sydney, New South Wales"
99,1412192420507226112,20522796,"Sydney, New South Wales"
100,1412192485812555778,156677140,"Sydney, New South Wales"
101,1412192549398192129,16005515,"Sydney, New South Wales"
102,1412192556331397121,19489002,"Sydney, New South Wales"
103,1412192563826593800,1067776947986423808,"Sydney, New South Wales"
104,1412192568746541058,23052065,"Sydney, New South Wales"
105,1412192743128924162,1177496278885793792,"Sydney, New South Wales"
106,1412192919700729858,156677140,"Sydney, New South Wales"
107,1412193267677077506,138726906,"Sydney, New South Wales"
108,1412193311918460932,22550080,"Sydney, New South Wales"
109,1412193414506897408,7050962,"Sydney, New South Wales"
110,1412193627510611968,1364439607765442567,"Sydney, New South Wales"
111,1412193719428648964,384233102,"Sydney, New South Wales"
112,1412193838437830676,540600425,"Sydney, New South Wales"
113,1412193920960712706,758965228050616320,"Sydney, New South Wales"
114,1412193926438522882,159712380,"Sydney, New South Wales"
115,1412193958306869250,25799938,"Sydney, New South Wales"
116,1412193971216928768,7050962,"Sydney, New South Wales"
117,1412194031195594762,4648031797,"Sydney, New South Wales"
118,1412194038430633991,384233102,"Sydney, New South Wales"
119,1412194114649550850,363020711,"Sydney, New South Wales"
120,1412194328940711943,7050962,"Sydney, New South Wales"
121,1412194416610070530,1254694244989591552,"Sydney, New South Wales"
122,1412194417985822720,20522796,"Sydney, New South Wales"
123,1412194454543368192,363020711,"Sydney, New South Wales"
124,1412194592057819141,1052354553750814720,"Sydney, New South Wales"
125,1412194597892243458,4648031797,"Sydney, New South Wales"
126,1412194658843729921,384233102,"Sydney, New South Wales"
127,1412194699461361664,20522796,"Sydney, New South Wales"
128,1412194762862383104,363020711,"Sydney, New South Wales"
129,1412194884144963585,758965228050616320,"Sydney, New South Wales"
130,1412194926339624961,7050962,"Sydney, New South Wales"
131,1412194978806124545,25287056,"Sydney, New South Wales"
132,1412195037983608839,1089023364973219840,"Sydney, New South Wales"
133,1412195068954349570,1052354553750814720,"Sydney, New South Wales"
134,1412195088491417615,156677140,"Sydney, New South Wales"
135,1412195089594523648,1647275468,"Sydney, New South Wales"
136,1412195141754884104,707774180612112385,"Sydney, New South Wales"
137,1412195157303304193,1247340524446482432,"Sydney, New South Wales"
138,1412195202597457936,384233102,"Sydney, New South Wales"
139,1412195239469613059,7050962,"Sydney, New South Wales"
140,1412195278422114305,337351696,"Sydney, New South Wales"
141,1412195290640093202,46874820,"Sydney, New South Wales"
142,1412195338979446784,1296639675335991296,"Sydney, New South Wales"
143,1412195360743690248,2933053208,"Sydney, New South Wales"
144,1412195547268583424,903333134,"Sydney, New South Wales"
145,1412195547566403587,84437733,"Sydney, New South Wales"
146,1412195628717772805,8376792,"Sydney, New South Wales"
147,1412195713719676940,342739410,"Sydney, New South Wales"
148,1412195751115952128,1647275468,"Sydney, New South Wales"
149,1412195937020121088,1647275468,"Sydney, New South Wales"
150,1412196048227864598,1359645929112965120,"Sydney, New South Wales"
151,1412196116397924354,4786095088,"Sydney, New South Wales"
152,1412196191316582401,156677140,"Sydney, New South Wales"
153,1412196288830095363,4648031797,"Sydney, New South Wales"
154,1412196412272484357,1359645929112965120,"Sydney, New South Wales"
155,1412196444983857152,1188612101209640960,"Sydney, New South Wales"
156,1412196466051846155,156677140,"Sydney, New South Wales"
157,1412196485274341382,2424474356,"Sydney, New South Wales"
158,1412196655705718786,903822128155262976,"Sydney, New South Wales"
159,1412196668523487232,22952866,"Sydney, New South Wales"
160,1412196700811235331,4648031797,"Sydney, New South Wales"
161,1412196746566897675,10482452,"Sydney, New South Wales"
162,1412196878964465664,4648031797,"Sydney, New South Wales"
163,1412196885347979266,10482452,"Sydney, New South Wales"
164,1412196954872836097,156677140,"Sydney, New South Wales"
165,1412196984736337920,2421213462,"Sydney, New South Wales"
166,1412197012443856898,110092618,"Sydney, New South Wales"
167,1412197110557065216,4648031797,"Sydney, New South Wales"
168,1412197150943940609,778028382965542912,"Sydney, New South Wales"
169,1412197151136911361,758965228050616320,"Sydney, New South Wales"
170,1412197215364292609,156677140,"Sydney, New South Wales"
171,1412197252873916430,35624175,"Sydney, New South Wales"
172,1412197309064966145,1089023364973219840,"Sydney, New South Wales"
173,1412197522525720583,1133823206,"Sydney, New South Wales"
174,1412197548417159182,1316973031508504581,"Sydney, New South Wales"
175,1412197637550313487,262061789,"Sydney, New South Wales"
176,1412197718496186375,156677140,"Sydney, New South Wales"
177,1412197764990001155,1355662442,"Sydney, New South Wales"
178,1412197769159221249,1188612101209640960,"Sydney, New South Wales"
179,1412197774330843137,49464848,"Sydney, New South Wales"
180,1412197812243034114,1099659121,"Sydney, New South Wales"
181,1412197821843836939,24487001,"Sydney, New South Wales"
182,1412197871290486791,868011492024631296,"Sydney, New South Wales"
183,1412197978182348801,563679140,"Sydney, New South Wales"
184,1412197993277661185,7050962,"Sydney, New South Wales"
185,1412198012147798034,23052065,"Sydney, New South Wales"
186,1412198109216579587,938564689063063552,"Sydney, New South Wales"
187,1412198170323390471,970175523564404737,"Sydney, New South Wales"
188,1412198383666696193,1089151295397621760,"Sydney, New South Wales"
189,1412198387793858572,1302620497604014082,"Sydney, New South Wales"
190,1412198398296395789,758965228050616320,"Sydney, New South Wales"
191,1412198692170334210,820431428835885059,"Sydney, New South Wales"
192,1412198746922749953,843166470,"Sydney, New South Wales"
193,1412198844364845057,142545183,"Sydney, New South Wales"
194,1412198856113205251,294789770,"Sydney, New South Wales"
195,1412198972727300103,1089023364973219840,"Sydney, New South Wales"
196,1412198997620449282,20522796,"Sydney, New South Wales"
197,1412199110224990209,820431428835885059,"Sydney, New South Wales"
198,1412199136628117510,712289862,"Sydney, New South Wales"
199,1412199230165471235,4648031797,"Sydney, New South Wales"
200,1412199238277160960,986547616845447168,"Sydney, New South Wales"
201,1412199315288645633,820431428835885059,"Sydney, New South Wales"
202,1412199377859272708,74127259,"Sydney, New South Wales"
203,1412199410214207491,4648031797,"Sydney, New South Wales"
204,1412199416333668353,95590641,"Sydney, New South Wales"
205,1412199420553138200,111767120,"Sydney, New South Wales"
206,1412199504758022144,820431428835885059,"Sydney, New South Wales"
207,1412199532306313232,986547616845447168,"Sydney, New South Wales"
208,1412199576182853632,4648031797,"Sydney, New South Wales"
209,1412199577118154752,10482452,"Sydney, New South Wales"
210,1412199578984607744,563679140,"Sydney, New South Wales"
211,1412194466174144518,2208032372,"Sydney, New South Wales"
212,1412195366842159108,337351696,"Sydney, New South Wales"
213,1412184962346848266,1106696375809409024,"Sydney, New South Wales"
214,1412185471287906305,1106696375809409024,"Sydney, New South Wales"
215,1412191269602791431,129721935,"Sydney, New South Wales"
216,1412198826782298121,33714824,"Sydney, New South Wales"
217,1412189618011709440,1347359035,"Sydney, New South Wales"
218,1412186013699493891,145941582,"Sydney, New South Wales"
219,1412192763320274953,940868397528698880,"Sydney, New South Wales"
220,1412199463540559873,940868397528698880,"Sydney, New South Wales"
221,1412190575109935108,342046923,"Sydney, New South Wales"
222,1412190760896667651,38359893,"Sydney, New South Wales"
223,1412185801681604614,99474446,"Sydney, New South Wales"
224,1412186139880935426,99474446,"Sydney, New South Wales"
225,1412185231692484609,239673025,"Sydney, New South Wales"
226,1412186042556248069,384233102,"Sydney, New South Wales"
227,1412186161435451395,384233102,"Sydney, New South Wales"
228,1412186317920759810,384233102,"Sydney, New South Wales"
229,1412189262200537089,531874041,"Sydney, New South Wales"
230,1412192916525576193,89570289,"Sydney, New South Wales"
231,1412193603040866305,156677140,"Sydney, New South Wales"
232,1412193930683158529,384233102,"Sydney, New South Wales"
233,1412194673213378562,89570289,"Sydney, New South Wales"
234,1412194683011297281,25287056,"Sydney, New South Wales"
235,1412194696990912512,337351696,"Sydney, New South Wales"
236,1412194716590870539,14742411,"Sydney, New South Wales"
237,1412195420936146952,384233102,"Sydney, New South Wales"
238,1412196012957966338,1229715153802817536,"Sydney, New South Wales"
239,1412196250527571972,68021298,"Sydney, New South Wales"
240,1412196596784107537,156677140,"Sydney, New South Wales"
241,1412197635121811456,68021298,"Sydney, New South Wales"
242,1412198293812043779,820431428835885059,"Sydney, New South Wales"
243,1412195352111943689,27752149,"Bathurst, New South Wales"
244,1412193398346371078,237690511,"Byron Bay, New South Wales"
245,1412190152332480528,887915916700262400,"Cambewarra Village, New South Wales"
246,1412186216267583500,887915916700262400,"Cambewarra Village, New South Wales"
247,1412191784923369484,121318665,"Coffs Harbour, New South Wales"
248,1412192269017370626,121318665,"Coffs Harbour, New South Wales"
249,1412194604573773828,466431501,"Coffs Harbour, New South Wales"
250,1412194525385162752,1367516293,"Gloucester, New South Wales"
251,1412185161622441984,1974086167,"Helensburgh, New South Wales"
252,1412191372677844992,1974086167,"Helensburgh, New South Wales"
253,1412192442615402500,1974086167,"Helensburgh, New South Wales"
254,1412197129100034048,1974086167,"Helensburgh, New South Wales"
255,1412185961224556545,1164618737099534336,"Kempsey, New South Wales"
256,1412190145596444672,203769173,"Kempsey, New South Wales"
257,1412190872968384515,1164618737099534336,"Kempsey, New South Wales"
258,1412191271012036608,161237285,"Kempsey, New South Wales"
259,1412192024514629633,1164618737099534336,"Kempsey, New South Wales"
260,1412193362468229122,1164618737099534336,"Kempsey, New South Wales"
261,1412192685071355905,1956404546,"Manilla, New South Wales"
262,1412191456056340481,1956404546,"Manilla, New South Wales"
263,1412190098498588681,3573538936,Murwillumbah
264,1412190618185396224,1080305226328956928,"Newcastle, New South Wales"
265,1412190678147162113,4721692537,"Newcastle, New South Wales"
266,1412191432945766416,1080305226328956928,"Newcastle, New South Wales"
267,1412191713536380930,327329326,"Newcastle, New South Wales"
268,1412191723086774273,143009202,"Newcastle, New South Wales"
269,1412191784755621891,1080305226328956928,"Newcastle, New South Wales"
270,1412193282675728385,1080305226328956928,"Newcastle, New South Wales"
271,1412194676342288385,179820519,"Newcastle, New South Wales"
272,1412194924754137088,1123395213433556992,"Newcastle, New South Wales"
273,1412195330230128641,1123395213433556992,"Newcastle, New South Wales"
274,1412195610669682696,1123395213433556992,"Newcastle, New South Wales"
275,1412196850946347013,1123395213433556992,"Newcastle, New South Wales"
276,1412197506293764108,787620336502136832,"Newcastle, New South Wales"
277,1412197664771297282,1080305226328956928,"Newcastle, New South Wales"
278,1412197895047110657,262023521,"Newcastle, New South Wales"
279,1412198618530910215,1181146627,"Newcastle, New South Wales"
280,1412198948215787521,1181146627,"Newcastle, New South Wales"
281,1412185825828229121,388129974,"Queanbeyan, New South Wales"
282,1412186286035636224,388129974,"Queanbeyan, New South Wales"
283,1412191383343882240,388129974,"Queanbeyan, New South Wales"
284,1412192413620195329,23501556,"Tamworth, New South Wales"
285,1412197664901505030,20961032,"Toronto, Ontario"
286,1412198446694551563,20961032,"Toronto, Ontario"
287,1412198633689255939,20961032,"Toronto, Ontario"
288,1412193816224796678,1302491565336616968,"Tweed Heads, New South Wales"
289,1412198316054482948,594185905,"Whitton, New South Wales"
290,1412198509843910672,594185905,"Whitton, New South Wales"
291,1412189530195591171,1616540347,"Wollongong, New South Wales"
292,1412192218958336001,1262510738125385728,"Wollongong, New South Wales"
293,1412198005751513089,1666994720,"Wollongong, New South Wales"
294,1412190583817265155,1262510738125385728,"Wollongong, New South Wales"
295,1412199158534922240,1666994720,"Wollongong, New South Wales"
296,1412185495199617025,1377368941060759554,"Torquay - Jan Juc, Victoria"
297,1412185893025112064,1042272442603855872,"Victoria, Australia"
298,1412189776837550086,2780377073,"Shepparton - Mooroopna, Victoria"
299,1412189836245495808,2780377073,"Shepparton - Mooroopna, Victoria"
300,1412191000869556224,821094714,"Victoria, Australia"
301,1412191568748892161,2887713523,"Victoria, Australia"
302,1412192163371229185,2887713523,"Victoria, Australia"
303,1412192709452857347,2887713523,"Victoria, Australia"
304,1412192587054682112,616163385,"Gisborne, Victoria"
305,1412199607895920647,616163385,"Gisborne, Victoria"
306,1412185107469844481,23878874,"Melbourne, Victoria"
307,1412197153120784404,233782487,"Melbourne, Victoria"
308,1412197843046072321,233782487,"Melbourne, Victoria"
309,1412198558351036432,233782487,"Melbourne, Victoria"
310,1412185243688136706,99367063,"Melbourne, Victoria"
311,1412185374617571328,504138323,"Melbourne, Victoria"
312,1412185414400675842,942021506036514816,"Melbourne, Victoria"
313,1412185491328413696,276238299,"Melbourne, Victoria"
314,1412185605287514126,963289553682317313,"Melbourne, Victoria"
315,1412185752880832513,303524325,"Melbourne, Victoria"
316,1412185814340050950,303524325,"Melbourne, Victoria"
317,1412185900449075204,99367063,"Melbourne, Victoria"
318,1412185945336516608,193529663,"Melbourne, Victoria"
319,1412186235020492803,142262870,"Melbourne, Victoria"
320,1412186236689735687,22535265,"Melbourne, Victoria"
321,1412186290687152128,140421021,"Melbourne, Victoria"
322,1412186292989796356,138294089,"Melbourne, Victoria"
323,1412186324719702018,193529663,"Melbourne, Victoria"
324,1412186404910600195,1112333457063968769,"Melbourne, Victoria"
325,1412186464822075394,882079203025231873,"Melbourne, Victoria"
326,1412189235591880707,59431369,"Melbourne, Victoria"
327,1412189302352748548,2154128851,"Melbourne, Victoria"
328,1412189347621658625,24347504,"Melbourne, Victoria"
329,1412189389858369539,99367063,"Melbourne, Victoria"
330,1412189529679663115,138294089,"Melbourne, Victoria"
331,1412189631357931520,1278098204966313985,"Melbourne, Victoria"
332,1412189682507517962,809650903800156160,"Melbourne, Victoria"
333,1412189720889610240,66652095,"Melbourne, Victoria"
334,1412189766284496898,1080755508653346817,"Melbourne, Victoria"
335,1412189961957351426,22872872,"Melbourne, Victoria"
336,1412190080060428288,53340146,"Melbourne, Victoria"
337,1412190650733191168,420142099,"Melbourne, Victoria"
338,1412190676247138305,49601508,"Melbourne, Victoria"
339,1412190854492557312,293886497,"Melbourne, Victoria"
340,1412190974894215169,332638465,"Melbourne, Victoria"
341,1412191147649208331,809650903800156160,"Melbourne, Victoria"
342,1412191192192720896,99367063,"Melbourne, Victoria"
343,1412191197469151238,253412979,"Melbourne, Victoria"
344,1412191584557297668,1132829833468174336,"Melbourne, Victoria"
345,1412191608775184387,1054035642,"Melbourne, Victoria"
346,1412191633999728655,23878874,"Melbourne, Victoria"
347,1412191909305405441,1132829833468174336,"Melbourne, Victoria"
348,1412191969867010066,1447832490,"Melbourne, Victoria"
349,1412192024225140737,99367063,"Melbourne, Victoria"
350,1412192191867277314,78533009,"Melbourne, Victoria"
351,1412192234976342016,2569994520,"Melbourne, Victoria"
352,1412192535636635648,935936493201305601,"Melbourne, Victoria"
353,1412192816906702876,332638465,"Melbourne, Victoria"
354,1412192887702360079,935936493201305601,"Melbourne, Victoria"
355,1412193079818260501,935936493201305601,"Melbourne, Victoria"
356,1412193467690741761,16575102,"Melbourne, Victoria"
357,1412193512787873799,2555478498,"Melbourne, Victoria"
358,1412193537089708035,2596255754,"Melbourne, Victoria"
359,1412193611022843906,350663480,"Melbourne, Victoria"
360,1412193612335489028,1264385409754132480,"Melbourne, Victoria"
361,1412193899674746881,318830775,"Melbourne, Victoria"
362,1412193949515599873,99367063,"Melbourne, Victoria"
363,1412193980486324248,1652439061,"Melbourne, Victoria"
364,1412194474759884805,1170132542265032705,"Melbourne, Victoria"
365,1412194519504719886,35732805,"Melbourne, Victoria"
366,1412194693312516100,1279612323976511488,"Melbourne, Victoria"
367,1412194762522693642,99367063,"Melbourne, Victoria"
368,1412194867065856003,205643807,"Melbourne, Victoria"
369,1412194936846385156,205643807,"Melbourne, Victoria"
370,1412194971805917186,108740184,"Melbourne, Victoria"
371,1412194986863456258,613584316,"Melbourne, Victoria"
372,1412195083433086981,2547074196,"Melbourne, Victoria"
373,1412195094132756480,1652439061,"Melbourne, Victoria"
374,1412195258595610625,401237384,"Melbourne, Victoria"
375,1412195312928657408,103918166,"Melbourne, Victoria"
376,1412195377235709952,99367063,"Melbourne, Victoria"
377,1412195387327213570,24347504,"Melbourne, Victoria"
378,1412195568437272578,2402502044,"Melbourne, Victoria"
379,1412195614608093185,613584316,"Melbourne, Victoria"
380,1412195822037454848,401237384,"Melbourne, Victoria"
381,1412195918883917825,1346041125753131009,"Melbourne, Victoria"
382,1412195968947130370,613584316,"Melbourne, Victoria"
383,1412196151688785921,1054035642,"Melbourne, Victoria"
384,1412196500549996566,104725941,"Melbourne, Victoria"
385,1412196589813178368,836124273731235840,"Melbourne, Victoria"
386,1412196751461687297,3589942153,"Melbourne, Victoria"
387,1412197024615698436,99367063,"Melbourne, Victoria"
388,1412197176814407693,38177628,"Melbourne, Victoria"
389,1412197203163058176,1081812860181741568,"Melbourne, Victoria"
390,1412197227305439247,21634836,"Melbourne, Victoria"
391,1412197272020914177,1054035642,"Melbourne, Victoria"
392,1412197287359483906,1706050560,"Melbourne, Victoria"
393,1412197564229644289,412591867,"Melbourne, Victoria"
394,1412197681997369346,1264385409754132480,"Melbourne, Victoria"
395,1412198022625169412,4515,"Melbourne, Victoria"
396,1412198487224066048,504138323,"Melbourne, Victoria"
397,1412198496979980308,860726805937782785,"Melbourne, Victoria"
398,1412198572494188545,750194110405849088,"Melbourne, Victoria"
399,1412198672729735168,35647327,"Melbourne, Victoria"
400,1412198745001713666,297148960,"Melbourne, Victoria"
401,1412198747329597444,1346041125753131009,"Melbourne, Victoria"
402,1412199034073227264,401237384,"Melbourne, Victoria"
403,1412199491281645569,1014494252150091776,"Melbourne, Victoria"
404,1412195062906200072,227912977,"Melbourne, Victoria"
405,1412192776041627652,935936493201305601,"Melbourne, Victoria"
406,1412192612904181760,935936493201305601,"Melbourne, Victoria"
407,1412192999908384770,935936493201305601,"Melbourne, Victoria"
408,1412198472032264193,1013619333778378752,"Melbourne, Victoria"
409,1412198965433356291,1013619333778378752,"Melbourne, Victoria"
410,1412189328847998983,1195861774492291074,"Melbourne, Victoria"
411,1412192623591190531,1318063233513631745,"Melbourne, Victoria"
412,1412194021355651076,1118764837197082624,"Melbourne, Victoria"
413,1412194815597449220,1118764837197082624,"Melbourne, Victoria"
414,1412197176915070985,1195861774492291074,"Melbourne, Victoria"
415,1412198579955896321,844136363813298180,"Melbourne, Victoria"
416,1412191899922800644,72373,"Melbourne, Victoria"
417,1412185063098261505,82661719,"Melbourne, Victoria"
418,1412197940974653450,82661719,"Melbourne, Victoria"
419,1412192448298639362,24500622,"Melbourne, Victoria"
420,1412192491684601856,935936493201305601,"Melbourne, Victoria"
421,1412197333823934466,2784614142,"Melbourne, Victoria"
422,1412190230451392522,538739720,"Melbourne, Victoria"
423,1412199567576076298,1372450730,"Melbourne, Victoria"
424,1412185688095617024,25664945,"Melbourne, Victoria"
425,1412185923345805312,341996139,"Melbourne, Victoria"
426,1412189490282524674,53340146,"Melbourne, Victoria"
427,1412190518251978752,751310637066702848,"Melbourne, Victoria"
428,1412191010193506304,176522431,"Melbourne, Victoria"
429,1412191321851240450,1360470194989109248,"Melbourne, Victoria"
430,1412185070224351232,113000840,"Melton, Victoria"
431,1412186486762401792,27387160,"Pakenham, Victoria"
432,1412192582470275091,66652095,"Scoresby, Melbourne"
433,1412197503890427919,1577388290,"Sunbury, Victoria"
434,1412199242467184646,830824554,"Sunshine, Melbourne"
435,1412186342100914176,76908648,"Windsor, Melbourne"
436,1412197564707790849,742654800,"Anglesea, Victoria"
437,1412189316093120516,897304570736410624,"Ballarat, Victoria"
438,1412189372389068815,897304570736410624,"Ballarat, Victoria"
439,1412190367852675077,1298290936779124739,"Bendigo, Victoria"
440,1412192583825072129,66323014,"Bendigo, Victoria"
441,1412184905056849921,1418109475,"Geelong, Victoria"
442,1412185106098253826,1418109475,"Geelong, Victoria"
443,1412190943885725706,1130427722574942208,"Geelong, Victoria"
444,1412195694677430272,1312007793008799744,"Geelong, Victoria"
445,1412195835924779013,2149938104,"Geelong, Victoria"
446,1412196755832139779,1312007793008799744,"Geelong, Victoria"
447,1412199147399090176,1016604071795384320,"Kilmore, Victoria"
448,1412199289128816649,1016604071795384320,"Kilmore, Victoria"
449,1412184842154872845,1412006184626708484,"Mansfield, Victoria"
450,1412199379436376078,256396226,"Wangaratta, Victoria"
451,1412199109268672520,932875050,"Warrnambool, Victoria"
452,1412194689814433795,279323894,"Gold Coast, Queensland"
453,1412195489424936967,279323894,"Gold Coast, Queensland"
454,1412195916941955078,279323894,"Gold Coast, Queensland"
455,1412196284329385984,279323894,"Gold Coast, Queensland"
456,1412197070522355719,279323894,"Gold Coast, Queensland"
457,1412197148578385928,279323894,"Gold Coast, Queensland"
458,1412197268413829120,279323894,"Gold Coast, Queensland"
459,1412197461146275848,279323894,"Gold Coast, Queensland"
460,1412197779263291392,279323894,"Gold Coast, Queensland"
461,1412198822839652357,279323894,"Gold Coast, Queensland"
462,1412184985503600640,1237258822965575680,"Sunshine Coast, Queensland"
463,1412185045125636096,1318694962813308928,"Gold Coast, Queensland"
464,1412185962549972994,1244795045934280704,"Sunshine Coast, Queensland"
465,1412185985304055809,41924860,"Gold Coast, Queensland"
466,1412186329190862849,1403081742324432898,"Sunshine Coast, Queensland"
467,1412189365569163268,1318694962813308928,"Gold Coast, Queensland"
468,1412189653168500745,738305389729439744,"Gold Coast, Queensland"
469,1412189661338824704,1237258822965575680,"Sunshine Coast, Queensland"
470,1412189887109898241,536193464,"Sunshine Coast, Queensland"
471,1412189926150443016,3113111159,"Gold Coast, Queensland"
472,1412189949747601410,1244795045934280704,"Sunshine Coast, Queensland"
473,1412189951278518274,1244795045934280704,"Sunshine Coast, Queensland"
474,1412190051799207952,852317652764606464,"Queensland, Australia"
475,1412191056108523526,3113111159,"Gold Coast, Queensland"
476,1412191107413254144,958999939358408704,"Rockhampton, Queensland"
477,1412191189898457088,1354561078231846913,"Gold Coast, Queensland"
478,1412191634343661583,86018423,"Queensland, Australia"
479,1412191785275715586,1244795045934280704,"Sunshine Coast, Queensland"
480,1412191889814548480,17023474,"Sunshine Coast, Queensland"
481,1412191914430922752,1244795045934280704,"Sunshine Coast, Queensland"
482,1412191937780584463,1396885794959216640,"Cairns, Queensland"
483,1412192103891800067,1244795045934280704,"Sunshine Coast, Queensland"
484,1412192142672334867,899510647,"Gold Coast, Queensland"
485,1412192271122894848,38366492,"Queensland, Australia"
486,1412192356170801152,3113111159,"Gold Coast, Queensland"
487,1412192482117357570,536193464,"Sunshine Coast, Queensland"
488,1412192752985460736,1244795045934280704,"Sunshine Coast, Queensland"
489,1412192871810101248,852317652764606464,"Queensland, Australia"
490,1412193680304185344,1403081742324432898,"Sunshine Coast, Queensland"
491,1412193700466216960,1244795045934280704,"Sunshine Coast, Queensland"
492,1412193892984705024,1403081742324432898,"Sunshine Coast, Queensland"
493,1412193955777630208,1244795045934280704,"Sunshine Coast, Queensland"
494,1412194720848093187,1624641818,"Gold Coast, Queensland"
495,1412194722114805760,852317652764606464,"Queensland, Australia"
496,1412195135182409754,1403081742324432898,"Sunshine Coast, Queensland"
497,1412195202505207808,1624641818,"Gold Coast, Queensland"
498,1412195203167883275,387491597,"Airlie Beach - Cannonvale, Queensland"
499,1412195391718625282,1244795045934280704,"Sunshine Coast, Queensland"
500,1412196307603623940,2775517291,"Gold Coast, Queensland"
501,1412196841836318729,324081719,"Toowoomba, Queensland"
502,1412197185643446275,1244795045934280704,"Sunshine Coast, Queensland"
503,1412197271265964032,154030097,"Townsville, Queensland"
504,1412197379969716233,1244795045934280704,"Sunshine Coast, Queensland"
505,1412197489680154627,1403081742324432898,"Sunshine Coast, Queensland"
506,1412197554788257792,1244795045934280704,"Sunshine Coast, Queensland"
507,1412198465833082881,86018423,"Queensland, Australia"
508,1412198732901142528,886303566,"Gold Coast, Queensland"
509,1412198824500772870,1372371993954189314,"Townsville, Queensland"
510,1412198881627017216,23050734,"Queensland, Australia"
511,1412199366224449537,1372371993954189314,"Townsville, Queensland"
512,1412199376588611584,46839099,"Doonan - Tinbeerwah, Queensland"
513,1412184885083590656,846955548889300992,"Rockhampton, Queensland"
514,1412185194124103681,1237258822965575680,"Sunshine Coast, Queensland"
515,1412186336723816448,154030097,"Townsville, Queensland"
516,1412190712980918275,279323894,"Gold Coast, Queensland"
517,1412193318709063680,154030097,"Townsville, Queensland"
518,1412194410561884161,1624641818,"Gold Coast, Queensland"
519,1412196438176518145,2775517291,"Gold Coast, Queensland"
520,1412184996849192963,3277827936,"Brisbane, Queensland"
521,1412185013458640896,4665942200,"Brisbane, Queensland"
522,1412190172133793792,892613619610812416,"Brisbane, Queensland"
523,1412190567149178881,892613619610812416,"Brisbane, Queensland"
524,1412190952995708930,740414727701037056,"Brisbane, Queensland"
525,1412191469733961730,213903403,"Brisbane, Queensland"
526,1412191922303561730,1019513772245782530,"Brisbane, Queensland"
527,1412192068458319874,944103128059691008,"Brisbane, Queensland"
528,1412192223689527300,213903403,"Brisbane, Queensland"
529,1412192473141612546,3101152646,"Brisbane, Queensland"
530,1412193015397904387,892613619610812416,"Brisbane, Queensland"
531,1412193028299579393,1109088915451854848,"Brisbane, Queensland"
532,1412193248991318029,213903403,"Brisbane, Queensland"
533,1412193330784440328,986923853841547264,"Brisbane, Queensland"
534,1412193626302541825,1006799986787602432,"Brisbane, Queensland"
535,1412193668849541121,994824106448179201,"Brisbane, Queensland"
536,1412193679368810498,213903403,"Brisbane, Queensland"
537,1412193945740709895,213903403,"Brisbane, Queensland"
538,1412194511422296077,2450460074,"Brisbane, Queensland"
539,1412194656801021955,967497199,"Brisbane, Queensland"
540,1412194663448997888,1409348942257541120,"Brisbane, Queensland"
541,1412194830516555787,213903403,"Brisbane, Queensland"
542,1412194953757790216,1521363984,"Brisbane, Queensland"
543,1412195011370749976,2450460074,"Brisbane, Queensland"
544,1412195392456822793,213903403,"Brisbane, Queensland"
545,1412195560480821252,1167561542897790976,"Brisbane, Queensland"
546,1412195653778776065,892613619610812416,"Brisbane, Queensland"
547,1412195655208996868,2450460074,"Brisbane, Queensland"
548,1412195897346117633,1508182693,"Brisbane, Queensland"
549,1412195991801851906,22470467,"Brisbane, Queensland"
550,1412197017690906624,1403698147,"Brisbane, Queensland"
551,1412197874050338828,213903403,"Brisbane, Queensland"
552,1412198022134472708,2937524924,"Brisbane, Queensland"
553,1412198082272366601,3277827936,"Brisbane, Queensland"
554,1412199116713562122,213903403,"Brisbane, Queensland"
555,1412199291016286210,213903403,"Brisbane, Queensland"
556,1412199468296929280,3277827936,"Brisbane, Queensland"
557,1412189887747395594,758703811749785602,"Brisbane, Queensland"
558,1412191222723235843,511856633,"Brisbane, Queensland"
559,1412194922866757634,1609496120,"Brisbane, Queensland"
560,1412184960585191424,1244439598995869696,"Brisbane, Queensland"
561,1412192344510656515,2477793666,"Brisbane, Queensland"
562,1412195795101646852,892613619610812416,"Brisbane, Queensland"
563,1412195877523914759,213903403,"Brisbane, Queensland"
564,1412198521969643539,443258801,"Brisbane, Queensland"
565,1412199027324510213,4185121399,"Brisbane, Queensland"
566,1412193393724116992,1066852703567933440,"Ayr, Queensland"
567,1412185880572268559,64146945,"Clermont, Queensland"
568,1412193077457047556,623244980,"Mossman Gorge, Mossman"
569,1412191336237699076,249533608,"Tamborine Mountain, Queensland"
570,1412186131160961034,1043452146056720384,"Westbrook, Queensland"
571,1412186344399400960,47920284,"Crafers - Bridgewater, South Australia"
572,1412194917716086784,296135466,"South Australia, Australia"
573,1412186457981153282,751726567374467072,"Adelaide, South Australia"
574,1412189817786433544,120050192,"Adelaide, South Australia"
575,1412190885798838276,120050192,"Adelaide, South Australia"
576,1412191645097873409,257437711,"Adelaide, South Australia"
577,1412192169947975690,1124226109464293376,"Adelaide, South Australia"
578,1412192335480295440,120050192,"Adelaide, South Australia"
579,1412193198571667458,3114783218,"Adelaide, South Australia"
580,1412193448682156032,1551647395,"Adelaide, South Australia"
581,1412193465505484800,713268446851506177,"Adelaide, South Australia"
582,1412194415565697025,19184406,"Adelaide, South Australia"
583,1412195129784340492,1551647395,"Adelaide, South Australia"
584,1412195285162332170,2539280016,"Adelaide, South Australia"
585,1412197082178326540,298834021,"Adelaide, South Australia"
586,1412197138067509248,14222315,"Adelaide, South Australia"
587,1412197952576098313,348159543,"Adelaide, South Australia"
588,1412199143280312321,232944553,"Adelaide, South Australia"
589,1412193260093640707,366354910,"Adelaide, South Australia"
590,1412190238831636481,944874587375972352,"Adelaide, South Australia"
591,1412194639252115457,1264429474386333696,"Adelaide, South Australia"
592,1412196744104857603,927811858676858880,"Adelaide, South Australia"
593,1412192750129139715,39651447,"Auburn, South Australia"
594,1412194050476675085,39651447,"Auburn, South Australia"
595,1412185142232117249,2223626340,"Carrickalinga, South Australia"
596,1412185371069206528,2223626340,"Carrickalinga, South Australia"
597,1412185757087764483,2223626340,"Carrickalinga, South Australia"
598,1412195446160719873,787573471932919808,"Western Australia, Australia"
599,1412184979849678849,1199031211,"Perth, Western Australia"
600,1412185708870049793,51404228,"Perth, Western Australia"
601,1412185839795245063,3005691210,"Perth, Western Australia"
602,1412185895625641984,771176061589557248,"Perth, Western Australia"
603,1412185996200841218,575047568,"Perth, Western Australia"
604,1412186000604815360,1147292655673434112,"Perth, Western Australia"
605,1412186211783872515,1147292655673434112,"Perth, Western Australia"
606,1412189244752232448,51378153,"Perth, Western Australia"
607,1412189267149787142,14156860,"Perth, Western Australia"
608,1412189362184327171,51378153,"Perth, Western Australia"
609,1412189583861719043,51378153,"Perth, Western Australia"
610,1412189758999040006,51378153,"Perth, Western Australia"
611,1412189853219885056,51378153,"Perth, Western Australia"
612,1412189928352452617,14156860,"Perth, Western Australia"
613,1412189949378527235,51378153,"Perth, Western Australia"
614,1412190054122852365,51378153,"Perth, Western Australia"
615,1412190199870754816,51378153,"Perth, Western Australia"
616,1412190384705314816,51378153,"Perth, Western Australia"
617,1412190523398377476,51378153,"Perth, Western Australia"
618,1412190658547183619,30839139,"Perth, Western Australia"
619,1412190664297570304,51378153,"Perth, Western Australia"
620,1412190790558748672,51378153,"Perth, Western Australia"
621,1412190858544250882,1147292655673434112,"Perth, Western Australia"
622,1412190886826369026,51378153,"Perth, Western Australia"
623,1412191017227325441,51378153,"Perth, Western Australia"
624,1412191115483090954,51378153,"Perth, Western Australia"
625,1412191372027695124,51378153,"Perth, Western Australia"
626,1412191613082734595,30839139,"Perth, Western Australia"
627,1412191700827574282,51378153,"Perth, Western Australia"
628,1412191882218639375,51378153,"Perth, Western Australia"
629,1412191954121592840,965958252,"Perth, Western Australia"
630,1412192124540358664,30839139,"Perth, Western Australia"
631,1412192220044697603,51378153,"Perth, Western Australia"
632,1412192312004775956,1002522913235300352,"Perth, Western Australia"
633,1412192510898671617,51378153,"Perth, Western Australia"
634,1412192529970204672,51378153,"Perth, Western Australia"
635,1412192847411879936,14156860,"Perth, Western Australia"
636,1412193136802074629,30839139,"Perth, Western Australia"
637,1412193586418896899,30839139,"Perth, Western Australia"
638,1412193829650763790,157568648,"Perth, Western Australia"
639,1412193885850243081,1147292655673434112,"Perth, Western Australia"
640,1412194064854708225,157568648,"Perth, Western Australia"
641,1412195387360743424,1199031211,"Perth, Western Australia"
642,1412195663106875395,42571871,"Perth, Western Australia"
643,1412195687312203778,556481489,"Perth, Western Australia"
644,1412196051348430851,1199031211,"Perth, Western Australia"
645,1412196065621782530,625312424,"Perth, Western Australia"
646,1412196203148677128,1925513276,"Perth, Western Australia"
647,1412196204847398914,3005691210,"Perth, Western Australia"
648,1412196312640933889,51378153,"Perth, Western Australia"
649,1412196521458638851,51378153,"Perth, Western Australia"
650,1412196616300204040,1199031211,"Perth, Western Australia"
651,1412196658197106690,51378153,"Perth, Western Australia"
652,1412196910308331535,51378153,"Perth, Western Australia"
653,1412196967933906945,596504235,"Perth, Western Australia"
654,1412197320431587328,51378153,"Perth, Western Australia"
655,1412197692801916928,51378153,"Perth, Western Australia"
656,1412197884225720331,51378153,"Perth, Western Australia"
657,1412197981802008583,1943195658,"Perth, Western Australia"
658,1412198196776882179,74676960,"Perth, Western Australia"
659,1412198416688435201,51378153,"Perth, Western Australia"
660,1412198592404545536,51378153,"Perth, Western Australia"
661,1412198715666747393,51378153,"Perth, Western Australia"
662,1412198888732168202,51378153,"Perth, Western Australia"
663,1412199457123299328,2492242742,"Perth, Western Australia"
664,1412199499355738112,1283885249458352128,"Perth, Western Australia"
665,1412199585213079553,611514477,"Perth, Western Australia"
666,1412189925189902336,30839139,"Perth, Western Australia"
667,1412192459442978818,1002522913235300352,"Perth, Western Australia"
668,1412192692763721730,30839139,"Perth, Western Australia"
669,1412197202101882880,303025191,"Perth, Western Australia"
670,1412197522655744010,790523618736287744,"Serpentine, Western Australia"
671,1412189966923304961,23966689,"Broome, Western Australia"
672,1412192922489917445,48919782,"Margaret River, Western Australia"
673,1412184849964699650,986277960,"Tasmania, Australia"
674,1412185055753998346,1648923450,"Tasmania, Australia"
675,1412185685998505995,1648923450,"Tasmania, Australia"
676,1412185783679680515,185418654,"Tasmania, Australia"
677,1412185891288670211,1648923450,"Tasmania, Australia"
678,1412186266842501121,986277960,"Tasmania, Australia"
679,1412189507181420544,986277960,"Tasmania, Australia"
680,1412189950351527939,986277960,"Tasmania, Australia"
681,1412190529148710912,1648923450,"Tasmania, Australia"
682,1412190967872950282,185418654,"Tasmania, Australia"
683,1412191385164255234,986277960,"Tasmania, Australia"
684,1412191779198169090,986277960,"Tasmania, Australia"
685,1412191959486066689,1648923450,"Tasmania, Australia"
686,1412192670051553287,986277960,"Tasmania, Australia"
687,1412194040611631104,986277960,"Tasmania, Australia"
688,1412192928873676800,1335712860404502528,"Hobart, Tasmania"
689,1412194963157241856,1251693247,"Hobart, Tasmania"
690,1412195079150702602,1213368286794006534,"Hobart, Tasmania"
691,1412195987553140736,187840632,"Hobart, Tasmania"
692,1412196860496781312,366629853,"Hobart, Tasmania"
693,1412195672619552785,1251693247,"Hobart, Tasmania"
694,1412195727753678856,1251693247,"Hobart, Tasmania"
695,1412190677132144641,1967700090,"Launceston, Tasmania"
696,1412192172481257474,1081298355479764992,"Darwin, Northern Territory"
697,1412199073315115009,1081298355479764992,"Darwin, Northern Territory"
698,1412199600140652563,158900527,"Darwin, Northern Territory"
699,1412195915692085248,62235231,"Darwin, Northern Territory"
700,1412197948792901633,1320645940122849283,"Ghan, Northern Territory"
701,1412185186096189448,378503524,"Canberra, Australian Capital Territory"
702,1412185446277214210,892273046634979332,"Canberra, Australian Capital Territory"
703,1412186510359633921,15011950,"Canberra, Australian Capital Territory"
704,1412189245117108229,4475561478,"Canberra, Australian Capital Territory"
705,1412192072749092870,3306424254,"Canberra, Australian Capital Territory"
706,1412194546075635721,833343482,"Canberra, Australian Capital Territory"
707,1412195093939818500,1348502962050535428,"Canberra, Australian Capital Territory"
708,1412196248912760835,1351649162,"Canberra, Australian Capital Territory"
709,1412197623805603840,1027167886148689920,"Canberra, Australian Capital Territory"
710,1412198117932371969,1348502962050535428,"Canberra, Australian Capital Territory"
711,1412198454407794689,137315172,"Canberra, Australian Capital Territory"
712,1412185329184821253,3306424254,"Canberra, Australian Capital Territory"
713,1412190755452424209,7598552,"Braddon, Canberra"
714,1412197569585848320,1397010827048194048,"Fyshwick, Canberra"
